event_type,model_type,term,n_individuals,n_event,p_event,lor.estimate,lor.std.error,statistic,p.value,or.estimate,or.conf.low,or.conf.high
Any event,reference,UV,20706,1885,9.1,NA,NA,NA,NA,NA,NA,NA
Any event,unadjusted,AZ Dose 1 Day 00-06,1013,87,8.6,-0.051190773,0.137900137,-0.371216262,0.710476461,0.9500974,0.725082327,1.244941485
Any event,unadjusted,AZ Dose 1 Day 07-13,941,94,10,0.161496231,0.140657031,1.14815612,0.25090412,1.175268029,0.892091579,1.548333122
Any event,unadjusted,AZ Dose 1 Day 14-20,888,88,9.9,0.204817746,0.150789381,1.35830351,0.174367397,1.227301363,0.913269729,1.649314095
Any event,unadjusted,AZ Dose 1 Day 21-27,738,61,8.3,-0.003204009,0.170943744,-0.018743063,0.985046075,0.996801118,0.713018729,1.39352927
Any event,unadjusted,AZ Dose 1 Day 28+,2649,265,10,0.331659552,0.131778671,2.516792354,0.01184286,1.393278429,1.07613735,1.803881986
Any event,unadjusted,PB Dose 1 Day 00-06,490,35,7.1,-0.393866411,0.221868145,-1.775227404,0.075860347,0.674444148,0.436607793,1.041838731
Any event,unadjusted,PB Dose 1 Day 07-13,461,47,10.2,0.175489735,0.196947854,0.891046699,0.372904118,1.191829754,0.81016207,1.753301242
Any event,unadjusted,PB Dose 1 Day 14-20,447,38,8.5,-0.089088749,0.21840204,-0.407911709,0.683338496,0.914764385,0.596218015,1.40350318
Any event,unadjusted,PB Dose 1 Day 21-27,390,28,7.2,-0.331033929,0.243844034,-1.357564189,0.174602013,0.718180802,0.445321202,1.1582284
Any event,unadjusted,PB Dose 1 Day 28+,891,94,10.5,0.275749924,0.145456999,1.895748746,0.057993276,1.317518343,0.990702932,1.752144391
Any event,unadjusted,AZ Dose 1 Day 00-28,3580,330,9.2,0.062278408,0.094843472,0.656644114,0.511409777,1.064258601,0.883723205,1.281675488
Any event,unadjusted,PB Dose 1 Day 00-28,1788,148,8.3,-0.156446452,0.121468635,-1.287957595,0.197760725,0.85517731,0.674003077,1.085051769
Any event,health_adjusted,AZ Dose 1 Day 00-06,1013,87,8.6,-0.116614874,0.136902529,-0.851809495,0.394319836,0.889927861,0.680492212,1.163821693
Any event,health_adjusted,AZ Dose 1 Day 07-13,941,94,10,0.084540961,0.139361462,0.606630844,0.544095926,1.088217418,0.82811563,1.430014246
Any event,health_adjusted,AZ Dose 1 Day 14-20,888,88,9.9,0.105623599,0.149842487,0.704897535,0.480874004,1.111403465,0.828563104,1.490794914
Any event,health_adjusted,AZ Dose 1 Day 21-27,738,61,8.3,-0.148909951,0.170269203,-0.874555987,0.381815545,0.861646702,0.61715723,1.202991721
Any event,health_adjusted,AZ Dose 1 Day 28+,2649,265,10,0.19566058,0.130555621,1.498676026,0.133957699,1.216114062,0.94155385,1.570736937
Any event,health_adjusted,PB Dose 1 Day 00-06,490,35,7.1,-0.379472951,0.221586212,-1.71252962,0.086799111,0.684221933,0.44318236,1.056358951
Any event,health_adjusted,PB Dose 1 Day 07-13,461,47,10.2,0.207518589,0.197402237,1.051247404,0.293144977,1.230620592,0.835785995,1.811979443
Any event,health_adjusted,PB Dose 1 Day 14-20,447,38,8.5,-0.08384819,0.218498727,-0.383746813,0.701166112,0.919570846,0.599237164,1.411145019
Any event,health_adjusted,PB Dose 1 Day 21-27,390,28,7.2,-0.355245415,0.244601511,-1.452343503,0.146406117,0.701001386,0.434023948,1.132202371
Any event,health_adjusted,PB Dose 1 Day 28+,891,94,10.5,0.259017209,0.145753032,1.777096541,0.075552357,1.295656102,0.973698585,1.724070221
Any event,health_adjusted,AZ Dose 1 Day 00-28,3580,330,9.2,-0.025987435,0.0935713,-0.277728695,0.781220631,0.974347332,0.811083871,1.170474173
Any event,health_adjusted,PB Dose 1 Day 00-28,1788,148,8.3,-0.146477437,0.121307657,-1.207487147,0.227244592,0.863745221,0.680970647,1.095577041
Any event,fully_adjusted,AZ Dose 1 Day 00-06,1013,87,8.6,-0.111250848,0.136482139,-0.815131191,0.414997219,0.894714283,0.684716137,1.169117544
Any event,fully_adjusted,AZ Dose 1 Day 07-13,941,94,10,0.078474778,0.139482834,0.562612444,0.573698817,1.081636074,0.822911553,1.421703939
Any event,fully_adjusted,AZ Dose 1 Day 14-20,888,88,9.9,0.045790636,0.14946379,0.306366086,0.759325927,1.046855215,0.781021181,1.403170448
Any event,fully_adjusted,AZ Dose 1 Day 21-27,738,61,8.3,-0.202980959,0.169181495,-1.199782278,0.230223909,0.816293784,0.585920833,1.137245008
Any event,fully_adjusted,AZ Dose 1 Day 28+,2649,265,10,0.103703665,0.128261042,0.808535959,0.418782114,1.10927169,0.86270424,1.426309997
Any event,fully_adjusted,PB Dose 1 Day 00-06,490,35,7.1,-0.438247507,0.22096461,-1.983337997,0.047329688,0.64516608,0.418394637,0.994848485
Any event,fully_adjusted,PB Dose 1 Day 07-13,461,47,10.2,0.161372099,0.196374763,0.821755795,0.411215897,1.17512215,0.799702606,1.726782002
Any event,fully_adjusted,PB Dose 1 Day 14-20,447,38,8.5,-0.080939719,0.215263844,-0.376002387,0.706915121,0.922249284,0.604805052,1.406310575
Any event,fully_adjusted,PB Dose 1 Day 21-27,390,28,7.2,-0.434078795,0.244327882,-1.776624061,0.075630114,0.647861205,0.401337466,1.045813504
Any event,fully_adjusted,PB Dose 1 Day 28+,891,94,10.5,0.158587826,0.144411004,1.09816996,0.272130281,1.17185484,0.882980166,1.555237385
Any event,fully_adjusted,AZ Dose 1 Day 00-28,3580,330,9.2,-0.04754204,0.092869922,-0.51192075,0.608706476,0.953570384,0.7948803,1.143941393
Any event,fully_adjusted,PB Dose 1 Day 00-28,1788,148,8.3,-0.188567078,0.120324357,-1.567156339,0.117078153,0.828144951,0.654163157,1.048399093
Venous thromboembolic events (including CSVT),reference,UV,13880,1273,9.2,NA,NA,NA,NA,NA,NA,NA
Venous thromboembolic events (including CSVT),unadjusted,AZ Dose 1 Day 00-06,674,55,8.2,-0.15608985,0.171717105,-0.908994184,0.363353196,0.855482322,0.611005577,1.197779579
Venous thromboembolic events (including CSVT),unadjusted,AZ Dose 1 Day 07-13,656,66,10.1,0.128885557,0.169062329,0.762355266,0.445847997,1.137559931,0.816710559,1.584456796
Venous thromboembolic events (including CSVT),unadjusted,AZ Dose 1 Day 14-20,575,59,10.3,0.185861546,0.186662867,0.995707124,0.319392468,1.204255515,0.835277771,1.736226433
Venous thromboembolic events (including CSVT),unadjusted,AZ Dose 1 Day 21-27,493,34,6.9,-0.296305668,0.218829461,-1.35404834,0.175720956,0.743560111,0.484226004,1.141784277
Venous thromboembolic events (including CSVT),unadjusted,AZ Dose 1 Day 28+,1806,178,9.9,0.212046874,0.157227617,1.348661759,0.177445634,1.23620583,0.908360828,1.682376438
Venous thromboembolic events (including CSVT),unadjusted,PB Dose 1 Day 00-06,326,19,5.8,-0.762647145,0.301260566,-2.531519989,0.011356934,0.466430083,0.25843605,0.841821497
Venous thromboembolic events (including CSVT),unadjusted,PB Dose 1 Day 07-13,278,30,10.8,0.226488543,0.243002717,0.932041198,0.351315235,1.254188241,0.778965883,2.019328673
Venous thromboembolic events (including CSVT),unadjusted,PB Dose 1 Day 14-20,283,26,9.2,0.010922686,0.26357984,0.041439762,0.966945314,1.010982556,0.603092733,1.694740581
Venous thromboembolic events (including CSVT),unadjusted,PB Dose 1 Day 21-27,261,18,6.9,-0.424352781,0.305147539,-1.390647889,0.164332227,0.654193055,0.359719411,1.189728828
Venous thromboembolic events (including CSVT),unadjusted,PB Dose 1 Day 28+,599,67,11.2,0.340861996,0.179123715,1.902941755,0.057048146,1.406159172,0.989837953,1.997583151
Venous thromboembolic events (including CSVT),unadjusted,AZ Dose 1 Day 00-28,2398,214,8.9,-0.042405431,0.116604779,-0.363668038,0.716105914,0.958481104,0.762657222,1.204585756
Venous thromboembolic events (including CSVT),unadjusted,PB Dose 1 Day 00-28,1148,93,8.1,-0.222496361,0.152342098,-1.460504774,0.144151396,0.80051792,0.593877989,1.079058243
Venous thromboembolic events (including CSVT),health_adjusted,AZ Dose 1 Day 00-06,674,55,8.2,-0.215578588,0.170161768,-1.266903787,0.205189695,0.80607492,0.577475348,1.125167989
Venous thromboembolic events (including CSVT),health_adjusted,AZ Dose 1 Day 07-13,656,66,10.1,0.052590728,0.167663944,0.31366749,0.753773595,1.053998185,0.758794292,1.464049198
Venous thromboembolic events (including CSVT),health_adjusted,AZ Dose 1 Day 14-20,575,59,10.3,0.097665567,0.186057897,0.524920296,0.5996386,1.102593979,0.765672144,1.587772903
Venous thromboembolic events (including CSVT),health_adjusted,AZ Dose 1 Day 21-27,493,34,6.9,-0.442179264,0.218609837,-2.02268695,0.043105433,0.642634424,0.418680713,0.986381722
Venous thromboembolic events (including CSVT),health_adjusted,AZ Dose 1 Day 28+,1806,178,9.9,0.062703254,0.15631417,0.401136087,0.688319934,1.064710844,0.783748666,1.446393761
Venous thromboembolic events (including CSVT),health_adjusted,PB Dose 1 Day 00-06,326,19,5.8,-0.724914097,0.299413428,-2.42111418,0.015473016,0.484366176,0.269347306,0.871033744
Venous thromboembolic events (including CSVT),health_adjusted,PB Dose 1 Day 07-13,278,30,10.8,0.275728906,0.243883957,1.130574186,0.258234358,1.317490652,0.816870367,2.124916864
Venous thromboembolic events (including CSVT),health_adjusted,PB Dose 1 Day 14-20,283,26,9.2,0.02313146,0.262651606,0.088068982,0.929821849,1.023401067,0.611612585,1.712439818
Venous thromboembolic events (including CSVT),health_adjusted,PB Dose 1 Day 21-27,261,18,6.9,-0.457523528,0.306589502,-1.492300048,0.135620504,0.632848939,0.347000899,1.154169287
Venous thromboembolic events (including CSVT),health_adjusted,PB Dose 1 Day 28+,599,67,11.2,0.32135972,0.180065789,1.784679491,0.074313319,1.379001547,0.968930163,1.962623662
Venous thromboembolic events (including CSVT),health_adjusted,AZ Dose 1 Day 00-28,2398,214,8.9,-0.12592169,0.115085029,-1.094162207,0.273883844,0.881683889,0.703642966,1.104774037
Venous thromboembolic events (including CSVT),health_adjusted,PB Dose 1 Day 00-28,1148,93,8.1,-0.204325998,0.151869215,-1.345407614,0.178493638,0.815196576,0.605328381,1.097826365
Venous thromboembolic events (including CSVT),fully_adjusted,AZ Dose 1 Day 00-06,674,55,8.2,-0.185683969,0.17000404,-1.092232685,0.274730839,0.830536028,0.595183353,1.158953945
Venous thromboembolic events (including CSVT),fully_adjusted,AZ Dose 1 Day 07-13,656,66,10.1,0.037547746,0.168274221,0.223134275,0.823431003,1.038261569,0.746571664,1.443916422
Venous thromboembolic events (including CSVT),fully_adjusted,AZ Dose 1 Day 14-20,575,59,10.3,0.022443783,0.185282683,0.121132651,0.903585967,1.022697539,0.711269695,1.470483369
Venous thromboembolic events (including CSVT),fully_adjusted,AZ Dose 1 Day 21-27,493,34,6.9,-0.456804994,0.217159137,-2.103549504,0.035417763,0.633303826,0.413776593,0.969300204
Venous thromboembolic events (including CSVT),fully_adjusted,AZ Dose 1 Day 28+,1806,178,9.9,-0.065835485,0.152939108,-0.43046861,0.666854796,0.936284884,0.69378676,1.263542972
Venous thromboembolic events (including CSVT),fully_adjusted,PB Dose 1 Day 00-06,326,19,5.8,-0.878773657,0.300502228,-2.924349891,0.003451765,0.41529189,0.230444045,0.74841315
Venous thromboembolic events (including CSVT),fully_adjusted,PB Dose 1 Day 07-13,278,30,10.8,0.237234159,0.242529901,0.978164583,0.32799293,1.267737936,0.788111492,2.03925395
Venous thromboembolic events (including CSVT),fully_adjusted,PB Dose 1 Day 14-20,283,26,9.2,0.006440961,0.259241397,0.024845419,0.980178263,1.006461749,0.605522934,1.672876773
Venous thromboembolic events (including CSVT),fully_adjusted,PB Dose 1 Day 21-27,261,18,6.9,-0.513089596,0.306705211,-1.672907986,0.094345412,0.598643153,0.328170902,1.092033518
Venous thromboembolic events (including CSVT),fully_adjusted,PB Dose 1 Day 28+,599,67,11.2,0.264701496,0.178944903,1.479234625,0.139077619,1.303041954,0.917572146,1.850446683
Venous thromboembolic events (including CSVT),fully_adjusted,AZ Dose 1 Day 00-28,2398,214,8.9,-0.13853826,0.114331229,-1.2117272,0.225616824,0.870629941,0.695848475,1.089312574
Venous thromboembolic events (including CSVT),fully_adjusted,PB Dose 1 Day 00-28,1148,93,8.1,-0.268445059,0.150779711,-1.780379188,0.075013925,0.764567428,0.568947076,1.027447677
Hemorrhagic events,reference,UV,6198,554,8.9,NA,NA,NA,NA,NA,NA,NA
Hemorrhagic events,unadjusted,AZ Dose 1 Day 00-06,303,30,9.9,0.221748293,0.238988052,0.927863514,0.353478372,1.248257144,0.781406576,1.99402711
Hemorrhagic events,unadjusted,AZ Dose 1 Day 07-13,263,26,9.9,0.258243548,0.265281998,0.973468045,0.330320735,1.294654091,0.769742209,2.17752021
Hemorrhagic events,unadjusted,AZ Dose 1 Day 14-20,292,27,9.2,0.249233671,0.269431202,0.925036407,0.35494697,1.283041807,0.756659612,2.175610082
Hemorrhagic events,unadjusted,AZ Dose 1 Day 21-27,226,24,10.6,0.43819248,0.291632473,1.50255037,0.13295503,1.549903204,0.875117896,2.745001507
Hemorrhagic events,unadjusted,AZ Dose 1 Day 28+,796,79,9.9,0.450444456,0.252004967,1.787442768,0.073865954,1.569009387,0.957455338,2.57118046
Hemorrhagic events,unadjusted,PB Dose 1 Day 00-06,136,14,10.3,0.263490285,0.3542553,0.743786431,0.457005691,1.301464651,0.649964623,2.606003741
Hemorrhagic events,unadjusted,PB Dose 1 Day 07-13,174,17,9.8,0.201092149,0.343459961,0.585489349,0.558218726,1.222737441,0.623705483,2.397103904
Hemorrhagic events,unadjusted,PB Dose 1 Day 14-20,158,12,7.6,-0.225451939,0.396766669,-0.56822298,0.569883569,0.798155419,0.366740663,1.737064193
Hemorrhagic events,unadjusted,PB Dose 1 Day 21-27,126,10,7.9,-0.116739219,0.404975194,-0.288262641,0.773145702,0.88981721,0.402332663,1.967960202
Hemorrhagic events,unadjusted,PB Dose 1 Day 28+,285,27,9.5,0.18018936,0.255680325,0.704744724,0.480969113,1.19744409,0.7254705,1.9764723
Hemorrhagic events,unadjusted,AZ Dose 1 Day 00-28,1084,107,9.9,0.280861127,0.170173238,1.650442395,0.098852486,1.324269686,0.948690856,1.848537056
Hemorrhagic events,unadjusted,PB Dose 1 Day 00-28,594,53,8.9,0.045044524,0.208295845,0.216252627,0.828790833,1.046074434,0.695441885,1.573491252
Hemorrhagic events,health_adjusted,AZ Dose 1 Day 00-06,303,30,9.9,0.160525198,0.237670204,0.67541154,0.499414336,1.174127359,0.736902388,1.870770238
Hemorrhagic events,health_adjusted,AZ Dose 1 Day 07-13,263,26,9.9,0.18484899,0.262954304,0.702970014,0.482074437,1.203036756,0.718541386,2.014215834
Hemorrhagic events,health_adjusted,AZ Dose 1 Day 14-20,292,27,9.2,0.151154375,0.267461146,0.56514517,0.571975027,1.163176209,0.688624026,1.964757028
Hemorrhagic events,health_adjusted,AZ Dose 1 Day 21-27,226,24,10.6,0.3107441,0.290053718,1.071332933,0.284019757,1.364440017,0.772787833,2.409065568
Hemorrhagic events,health_adjusted,AZ Dose 1 Day 28+,796,79,9.9,0.352576193,0.25046612,1.407680178,0.159225794,1.422728054,0.870812685,2.324443763
Hemorrhagic events,health_adjusted,PB Dose 1 Day 00-06,136,14,10.3,0.270516827,0.358110593,0.755400239,0.45000887,1.310641651,0.649620432,2.644284958
Hemorrhagic events,health_adjusted,PB Dose 1 Day 07-13,174,17,9.8,0.206691868,0.344481435,0.600008728,0.548500419,1.229603633,0.625953408,2.415395578
Hemorrhagic events,health_adjusted,PB Dose 1 Day 14-20,158,12,7.6,-0.234826222,0.397801263,-0.590310398,0.554982569,0.790708245,0.362582816,1.724349585
Hemorrhagic events,health_adjusted,PB Dose 1 Day 21-27,126,10,7.9,-0.13057771,0.405980992,-0.321635034,0.747729199,0.877588293,0.396021873,1.944744125
Hemorrhagic events,health_adjusted,PB Dose 1 Day 28+,285,27,9.5,0.172567931,0.255618774,0.675098813,0.499612987,1.188352544,0.720049254,1.961229403
Hemorrhagic events,health_adjusted,AZ Dose 1 Day 00-28,1084,107,9.9,0.197476362,0.168508176,1.171909674,0.241233323,1.218324265,0.875645811,1.695107767
Hemorrhagic events,health_adjusted,PB Dose 1 Day 00-28,594,53,8.9,0.042505062,0.208662628,0.203702324,0.838586126,1.043421339,0.693179584,1.570629192
Hemorrhagic events,fully_adjusted,AZ Dose 1 Day 00-06,303,30,9.9,0.133850835,0.237620647,0.563296316,0.573233126,1.143222278,0.717575525,1.821351385
Hemorrhagic events,fully_adjusted,AZ Dose 1 Day 07-13,263,26,9.9,0.190276384,0.263526121,0.722039939,0.470269923,1.209583861,0.721642567,2.027448468
Hemorrhagic events,fully_adjusted,AZ Dose 1 Day 14-20,292,27,9.2,0.13669053,0.267224792,0.511518892,0.608987763,1.146473294,0.679050053,1.935646729
Hemorrhagic events,fully_adjusted,AZ Dose 1 Day 21-27,226,24,10.6,0.248530245,0.289112117,0.859632754,0.389991514,1.282139601,0.727516142,2.259581417
Hemorrhagic events,fully_adjusted,AZ Dose 1 Day 28+,796,79,9.9,0.341940782,0.24941936,1.370947235,0.170391405,1.407676935,0.863369794,2.295139773
Hemorrhagic events,fully_adjusted,PB Dose 1 Day 00-06,136,14,10.3,0.235563008,0.359733783,0.654825928,0.512579835,1.265621123,0.625313441,2.561590272
Hemorrhagic events,fully_adjusted,PB Dose 1 Day 07-13,174,17,9.8,0.185256495,0.342972358,0.540149928,0.589093641,1.203527099,0.614493471,2.35718937
Hemorrhagic events,fully_adjusted,PB Dose 1 Day 14-20,158,12,7.6,-0.190527887,0.392167444,-0.485833005,0.627085572,0.826522708,0.383213903,1.782659192
Hemorrhagic events,fully_adjusted,PB Dose 1 Day 21-27,126,10,7.9,-0.207927532,0.411698273,-0.505048345,0.613524881,0.812265898,0.36245994,1.820272576
Hemorrhagic events,fully_adjusted,PB Dose 1 Day 28+,285,27,9.5,0.076783688,0.255352143,0.300697254,0.763645363,1.079808476,0.654621996,1.781159741
Hemorrhagic events,fully_adjusted,AZ Dose 1 Day 00-28,1084,107,9.9,0.17526595,0.16821099,1.041941138,0.29743897,1.191563071,0.85691073,1.656908358
Hemorrhagic events,fully_adjusted,PB Dose 1 Day 00-28,594,53,8.9,0.018320839,0.209174452,0.087586406,0.930205407,1.018489695,0.67593825,1.534639086
Thrombocytopenia (including ITP),reference,UV,628,58,9.2,NA,NA,NA,NA,NA,NA,NA
Thrombocytopenia (including ITP),unadjusted,AZ Dose 1 Day 00-06,36,2,5.6,-0.958838503,0.983188757,-0.975233388,0.329444504,0.383337873,0.055807162,2.63313737
Thrombocytopenia (including ITP),unadjusted,AZ Dose 1 Day 07-13,22,2,9.1,-0.355159953,0.938507655,-0.378430534,0.705110789,0.701061297,0.111402985,4.411793299
Thrombocytopenia (including ITP),unadjusted,AZ Dose 1 Day 14-20,21,2,9.5,0.207705305,0.880363322,0.235931348,0.813485943,1.230850391,0.219199041,6.91149321
Thrombocytopenia (including ITP),unadjusted,AZ Dose 1 Day 21-27,19,3,15.8,1.833084966,0.965776103,1.898043408,0.057690364,6.253147684,0.941951574,41.51153524
Thrombocytopenia (including ITP),unadjusted,AZ Dose 1 Day 28+,47,8,17,2.382586844,0.806382772,2.954659906,0.003130139,10.83288964,2.230232084,52.61851395
Thrombocytopenia (including ITP),unadjusted,PB Dose 1 Day 00-06,28,2,7.1,-0.256359079,0.924125657,-0.277407165,0.78146748,0.773864041,0.126487463,4.734584278
Thrombocytopenia (including ITP),unadjusted,PB Dose 1 Day 07-13,9,0,0,-17.30190718,5732.440087,-0.003018245,0.997591793,3.06E-08,0,Inf
Thrombocytopenia (including ITP),unadjusted,PB Dose 1 Day 14-20,6,0,0,-17.42130272,6977.732721,-0.0024967,0.998007924,2.72E-08,0,Inf
Thrombocytopenia (including ITP),unadjusted,PB Dose 1 Day 21-27,3,0,0,-17.40600253,10123.58441,-0.001719352,0.998628156,2.76E-08,0,Inf
Thrombocytopenia (including ITP),unadjusted,PB Dose 1 Day 28+,7,0,0,-17.3831717,7758.643461,-0.002240491,0.998212348,2.82E-08,0,Inf
Thrombocytopenia (including ITP),unadjusted,AZ Dose 1 Day 00-28,98,9,9.2,0.08558822,0.583645556,0.146644172,0.883412886,1.08935766,0.347032775,3.419562058
Thrombocytopenia (including ITP),unadjusted,PB Dose 1 Day 00-28,46,2,4.3,-1.134267259,0.837247914,-1.354756746,0.175495072,0.321657727,0.062334327,1.659818896
Thrombocytopenia (including ITP),health_adjusted,AZ Dose 1 Day 00-06,36,2,5.6,-1.197220311,1.020087746,-1.173644439,0.240537474,0.302032603,0.040902849,2.23025278
Thrombocytopenia (including ITP),health_adjusted,AZ Dose 1 Day 07-13,22,2,9.1,-0.404598455,0.918410533,-0.440542045,0.659544567,0.667244686,0.110289117,4.036803287
Thrombocytopenia (including ITP),health_adjusted,AZ Dose 1 Day 14-20,21,2,9.5,-0.160543006,0.911539604,-0.176122909,0.860197384,0.851681195,0.142683299,5.083712427
Thrombocytopenia (including ITP),health_adjusted,AZ Dose 1 Day 21-27,19,3,15.8,1.029996518,0.993687835,1.036539324,0.299950603,2.80105608,0.399478293,19.64040427
Thrombocytopenia (including ITP),health_adjusted,AZ Dose 1 Day 28+,47,8,17,1.577954748,0.833660457,1.89280268,0.058384115,4.84503635,0.945548853,24.82619186
Thrombocytopenia (including ITP),health_adjusted,PB Dose 1 Day 00-06,28,2,7.1,-0.347846793,0.899622858,-0.386658465,0.699009069,0.706207064,0.121107682,4.118057651
Thrombocytopenia (including ITP),health_adjusted,PB Dose 1 Day 07-13,9,0,0,-17.30396037,5818.128834,-0.002974145,0.997626979,3.05E-08,0,Inf
Thrombocytopenia (including ITP),health_adjusted,PB Dose 1 Day 14-20,6,0,0,-17.45913057,7173.76256,-0.002433748,0.998058152,2.62E-08,0,Inf
Thrombocytopenia (including ITP),health_adjusted,PB Dose 1 Day 21-27,3,0,0,-17.75810145,10094.93552,-0.00175911,0.998596434,1.94E-08,0,Inf
Thrombocytopenia (including ITP),health_adjusted,PB Dose 1 Day 28+,7,0,0,-17.78672423,9407.844276,-0.001890627,0.998491499,1.89E-08,0,Inf
Thrombocytopenia (including ITP),health_adjusted,AZ Dose 1 Day 00-28,98,9,9.2,-0.248872181,0.570890667,-0.435936678,0.662882673,0.779679625,0.254667291,2.387037279
Thrombocytopenia (including ITP),health_adjusted,PB Dose 1 Day 00-28,46,2,4.3,-1.148333527,0.826627726,-1.389178577,0.164778455,0.317164876,0.062756439,1.602920125
Thrombocytopenia (including ITP),fully_adjusted,AZ Dose 1 Day 00-06,36,2,5.6,-1.156906904,1.052089658,-1.099627675,0.271494379,0.314457325,0.039996443,2.47230505
Thrombocytopenia (including ITP),fully_adjusted,AZ Dose 1 Day 07-13,22,2,9.1,-0.282996932,0.926336726,-0.305501147,0.759984497,0.753522099,0.122630004,4.630151961
Thrombocytopenia (including ITP),fully_adjusted,AZ Dose 1 Day 14-20,21,2,9.5,-0.159920469,0.926310542,-0.172642393,0.862932527,0.852211564,0.138698083,5.236298379
Thrombocytopenia (including ITP),fully_adjusted,AZ Dose 1 Day 21-27,19,3,15.8,0.889058429,1.051779905,0.845289424,0.397949265,2.432837884,0.309625337,19.11568423
Thrombocytopenia (including ITP),fully_adjusted,AZ Dose 1 Day 28+,47,8,17,1.706829199,0.854843916,1.99665596,0.045862569,5.511458007,1.031863006,29.43818045
Thrombocytopenia (including ITP),fully_adjusted,PB Dose 1 Day 00-06,28,2,7.1,-0.20261223,0.91596119,-0.221201764,0.824935336,0.816594831,0.13562478,4.916705599
Thrombocytopenia (including ITP),fully_adjusted,PB Dose 1 Day 07-13,9,0,0,-18.11347451,9826.165746,-0.001843392,0.998529187,1.36E-08,0,Inf
Thrombocytopenia (including ITP),fully_adjusted,PB Dose 1 Day 14-20,6,0,0,-17.75904893,11122.72441,-0.001596646,0.998726062,1.94E-08,0,Inf
Thrombocytopenia (including ITP),fully_adjusted,PB Dose 1 Day 21-27,3,0,0,-18.61428533,16721.99516,-0.001113162,0.999111826,8.24E-09,0,Inf
Thrombocytopenia (including ITP),fully_adjusted,PB Dose 1 Day 28+,7,0,0,-18.98203812,16388.60482,-0.001158246,0.999075854,5.70E-09,0,Inf
Thrombocytopenia (including ITP),fully_adjusted,AZ Dose 1 Day 00-28,98,9,9.2,-0.249324591,0.584205483,-0.426775507,0.669542848,0.779326969,0.247995098,2.449042461
Thrombocytopenia (including ITP),fully_adjusted,PB Dose 1 Day 00-28,46,2,4.3,-0.902313087,0.846755647,-1.065612128,0.286599015,0.405630316,0.077156175,2.132505299
Venous thromboembolic events (excluding CSVT),reference,UV,13738,1262,9.2,NA,NA,NA,NA,NA,NA,NA
Venous thromboembolic events (excluding CSVT),unadjusted,AZ Dose 1 Day 00-06,672,55,8.2,-0.161528971,0.171950815,-0.93939055,0.347530263,0.850841881,0.607412968,1.191828204
Venous thromboembolic events (excluding CSVT),unadjusted,AZ Dose 1 Day 07-13,655,65,9.9,0.098463427,0.169998174,0.57920285,0.562452308,1.103474046,0.790786806,1.539801829
Venous thromboembolic events (excluding CSVT),unadjusted,AZ Dose 1 Day 14-20,575,59,10.3,0.170658974,0.186695683,0.914102413,0.360663035,1.186086194,0.822622526,1.71014094
Venous thromboembolic events (excluding CSVT),unadjusted,AZ Dose 1 Day 21-27,493,34,6.9,-0.310483369,0.218833343,-1.418811985,0.155953838,0.733092516,0.477405598,1.125719178
Venous thromboembolic events (excluding CSVT),unadjusted,AZ Dose 1 Day 28+,1806,178,9.9,0.197611637,0.157156741,1.257417507,0.208602493,1.218489086,0.895466995,1.658035038
Venous thromboembolic events (excluding CSVT),unadjusted,PB Dose 1 Day 00-06,324,19,5.9,-0.758704133,0.301825794,-2.513715355,0.011946681,0.468272853,0.259169804,0.846084158
Venous thromboembolic events (excluding CSVT),unadjusted,PB Dose 1 Day 07-13,277,30,10.8,0.223410089,0.24360911,0.917084294,0.35909847,1.250333217,0.775649145,2.015515859
Venous thromboembolic events (excluding CSVT),unadjusted,PB Dose 1 Day 14-20,281,25,8.9,-0.051276581,0.268597616,-0.190904827,0.848600158,0.950015878,0.561177382,1.608279658
Venous thromboembolic events (excluding CSVT),unadjusted,PB Dose 1 Day 21-27,260,18,6.9,-0.435126555,0.306039325,-1.421799486,0.155084469,0.647182757,0.355243215,1.179038764
Venous thromboembolic events (excluding CSVT),unadjusted,PB Dose 1 Day 28+,599,67,11.2,0.328875914,0.179316643,1.834051258,0.066646386,1.38940544,0.977674734,1.97452937
Venous thromboembolic events (excluding CSVT),unadjusted,AZ Dose 1 Day 00-28,2395,213,8.9,-0.058017117,0.116882088,-0.496373038,0.619631244,0.943633795,0.750435331,1.186570918
Venous thromboembolic events (excluding CSVT),unadjusted,PB Dose 1 Day 00-28,1142,92,8.1,-0.240239588,0.15347332,-1.56535083,0.117500671,0.786439417,0.58214148,1.062434094
Venous thromboembolic events (excluding CSVT),health_adjusted,AZ Dose 1 Day 00-06,672,55,8.2,-0.220230867,0.17039682,-1.292458787,0.196198309,0.802333544,0.574530268,1.120461622
Venous thromboembolic events (excluding CSVT),health_adjusted,AZ Dose 1 Day 07-13,655,65,9.9,0.023618601,0.168609724,0.140078525,0.888597948,1.02389973,0.735760673,1.424879985
Venous thromboembolic events (excluding CSVT),health_adjusted,AZ Dose 1 Day 14-20,575,59,10.3,0.083303189,0.186065783,0.447708264,0.654363757,1.086871286,0.7547422,1.56515588
Venous thromboembolic events (excluding CSVT),health_adjusted,AZ Dose 1 Day 21-27,493,34,6.9,-0.455774254,0.218604193,-2.084929154,0.037075732,0.633956934,0.413031838,0.973051849
Venous thromboembolic events (excluding CSVT),health_adjusted,AZ Dose 1 Day 28+,1806,178,9.9,0.048370248,0.156237846,0.30959367,0.75686997,1.049559181,0.772710896,1.42559718
Venous thromboembolic events (excluding CSVT),health_adjusted,PB Dose 1 Day 00-06,324,19,5.9,-0.723912441,0.299892063,-2.41390997,0.015782362,0.484851587,0.269364423,0.872724983
Venous thromboembolic events (excluding CSVT),health_adjusted,PB Dose 1 Day 07-13,277,30,10.8,0.270318008,0.244323762,1.106392621,0.268556618,1.310381096,0.811762258,2.11527279
Venous thromboembolic events (excluding CSVT),health_adjusted,PB Dose 1 Day 14-20,281,25,8.9,-0.038262401,0.267462627,-0.143056999,0.886245166,0.962460358,0.569794496,1.625726373
Venous thromboembolic events (excluding CSVT),health_adjusted,PB Dose 1 Day 21-27,260,18,6.9,-0.470579228,0.30729863,-1.531341768,0.125684948,0.624640354,0.342024305,1.140783173
Venous thromboembolic events (excluding CSVT),health_adjusted,PB Dose 1 Day 28+,599,67,11.2,0.308807274,0.180245178,1.71326233,0.086664289,1.36179989,0.956507371,1.938823471
Venous thromboembolic events (excluding CSVT),health_adjusted,AZ Dose 1 Day 00-28,2395,213,8.9,-0.140842436,0.115363709,-1.220855645,0.222140681,0.868626165,0.692843489,1.089007009
Venous thromboembolic events (excluding CSVT),health_adjusted,PB Dose 1 Day 00-28,1142,92,8.1,-0.223946971,0.152896345,-1.464698006,0.143003329,0.799357522,0.592373282,1.078665207
Venous thromboembolic events (excluding CSVT),fully_adjusted,AZ Dose 1 Day 00-06,672,55,8.2,-0.187786302,0.170331347,-1.102476463,0.270254585,0.8287918,0.593552501,1.157262156
Venous thromboembolic events (excluding CSVT),fully_adjusted,AZ Dose 1 Day 07-13,655,65,9.9,0.009060575,0.169234768,0.053538498,0.957302858,1.009101747,0.724239257,1.4060082
Venous thromboembolic events (excluding CSVT),fully_adjusted,AZ Dose 1 Day 14-20,575,59,10.3,0.008766572,0.185310833,0.047307391,0.962268238,1.008805111,0.701569026,1.450588202
Venous thromboembolic events (excluding CSVT),fully_adjusted,AZ Dose 1 Day 21-27,493,34,6.9,-0.469091052,0.217198009,-2.159739192,0.030792865,0.625570621,0.408692873,0.957537133
Venous thromboembolic events (excluding CSVT),fully_adjusted,AZ Dose 1 Day 28+,1806,178,9.9,-0.078999876,0.152878857,-0.516748212,0.605331936,0.924040039,0.684794195,1.246870957
Venous thromboembolic events (excluding CSVT),fully_adjusted,PB Dose 1 Day 00-06,324,19,5.9,-0.876089976,0.301126014,-2.909379907,0.003621465,0.416407898,0.230780989,0.75134238
Venous thromboembolic events (excluding CSVT),fully_adjusted,PB Dose 1 Day 07-13,277,30,10.8,0.235417672,0.243062468,0.968548016,0.332770751,1.265437195,0.785860477,2.037678879
Venous thromboembolic events (excluding CSVT),fully_adjusted,PB Dose 1 Day 14-20,281,25,8.9,-0.052701215,0.263849742,-0.199739498,0.841684321,0.948663416,0.56561751,1.591114599
Venous thromboembolic events (excluding CSVT),fully_adjusted,PB Dose 1 Day 21-27,260,18,6.9,-0.523130628,0.307491419,-1.701285289,0.088889429,0.592662236,0.324391962,1.082790472
Venous thromboembolic events (excluding CSVT),fully_adjusted,PB Dose 1 Day 28+,599,67,11.2,0.255110671,0.179086804,1.424508482,0.154299331,1.290604445,0.908561214,1.833294013
Venous thromboembolic events (excluding CSVT),fully_adjusted,AZ Dose 1 Day 00-28,2395,213,8.9,-0.152126278,0.114657661,-1.326786869,0.184579195,0.858879816,0.686018171,1.075298833
Venous thromboembolic events (excluding CSVT),fully_adjusted,PB Dose 1 Day 00-28,1142,92,8.1,-0.285732953,0.151793018,-1.882385349,0.059783714,0.751463265,0.558086226,1.011845504
Idiopathic thrombocytopenic purpura,reference,UV,301,28,9.3,NA,NA,NA,NA,NA,NA,NA
Idiopathic thrombocytopenic purpura,unadjusted,AZ Dose 1 Day 00-06,17,1,5.9,-0.685185735,1.711688973,-0.400298036,0.688937014,0.503996611,0.017596866,14.43510383
Idiopathic thrombocytopenic purpura,unadjusted,AZ Dose 1 Day 07-13,7,1,14.3,0.007596286,1.894244004,0.004010194,0.996800337,1.007625211,0.024598895,41.27455924
Idiopathic thrombocytopenic purpura,unadjusted,AZ Dose 1 Day 14-20,5,0,0,-18.13755729,14812.54712,-0.001224473,0.999023013,1.33E-08,0,Inf
Idiopathic thrombocytopenic purpura,unadjusted,AZ Dose 1 Day 21-27,3,0,0,-18.90110236,16787.61366,-0.001125896,0.999101665,6.19E-09,0,Inf
Idiopathic thrombocytopenic purpura,unadjusted,AZ Dose 1 Day 28+,39,7,17.9,25.17166463,62529.79367,4.03E-04,0.999678808,85489947185,0,Inf
Idiopathic thrombocytopenic purpura,unadjusted,PB Dose 1 Day 00-06,18,1,5.6,-1.353495075,1.300196141,-1.040992995,0.297878799,0.258335778,0.020204848,3.303037615
Idiopathic thrombocytopenic purpura,unadjusted,PB Dose 1 Day 07-13,3,0,0,-18.48981803,17018.74992,-0.001086438,0.999133148,9.33E-09,0,Inf
Idiopathic thrombocytopenic purpura,unadjusted,PB Dose 1 Day 14-20,3,0,0,-18.44516215,16872.05285,-0.001093238,0.999127723,9.76E-09,0,Inf
Idiopathic thrombocytopenic purpura,unadjusted,PB Dose 1 Day 21-27,3,0,0,-18.48981803,17018.74992,-0.001086438,0.999133148,9.33E-09,0,Inf
Idiopathic thrombocytopenic purpura,unadjusted,PB Dose 1 Day 28+,2,0,0,-18.4564243,21815.24192,-8.46E-04,0.999324963,9.65E-09,0,Inf
Idiopathic thrombocytopenic purpura,unadjusted,AZ Dose 1 Day 00-28,32,2,6.2,-1.163436868,1.275275777,-0.912302177,0.361609668,0.31241062,0.025657189,3.804017425
Idiopathic thrombocytopenic purpura,unadjusted,PB Dose 1 Day 00-28,27,1,3.7,-1.657498784,1.175076393,-1.410545556,0.158378655,0.190615154,0.019051562,1.907147413
Idiopathic thrombocytopenic purpura,health_adjusted,AZ Dose 1 Day 00-06,17,1,5.9,-0.785293468,1.633520131,-0.480736939,0.630703474,0.455985865,0.01855652,11.2048549
Idiopathic thrombocytopenic purpura,health_adjusted,AZ Dose 1 Day 07-13,7,1,14.3,0.066588464,1.803735394,0.03691698,0.970551201,1.068855515,0.031158508,36.66581592
Idiopathic thrombocytopenic purpura,health_adjusted,AZ Dose 1 Day 14-20,5,0,0,-18.39426852,17897.48797,-0.001027757,0.999179969,1.03E-08,0,Inf
Idiopathic thrombocytopenic purpura,health_adjusted,AZ Dose 1 Day 21-27,3,0,0,-19.09134261,16556.92348,-0.001153073,0.999079981,5.11E-09,0,Inf
Idiopathic thrombocytopenic purpura,health_adjusted,AZ Dose 1 Day 28+,39,7,17.9,25.11206343,66699.75978,3.76E-04,0.999699601,80543514274,0,Inf
Idiopathic thrombocytopenic purpura,health_adjusted,PB Dose 1 Day 00-06,18,1,5.6,-1.267894862,1.348563496,-0.940181805,0.347124313,0.281423434,0.020019855,3.956030094
Idiopathic thrombocytopenic purpura,health_adjusted,PB Dose 1 Day 07-13,3,0,0,-18.27403254,17531.84969,-0.001042333,0.999168338,1.16E-08,0,Inf
Idiopathic thrombocytopenic purpura,health_adjusted,PB Dose 1 Day 14-20,3,0,0,-18.5698743,16792.2249,-0.001105861,0.99911765,8.61E-09,0,Inf
Idiopathic thrombocytopenic purpura,health_adjusted,PB Dose 1 Day 21-27,3,0,0,-18.63903458,17208.10012,-0.001083155,0.999135768,8.04E-09,0,Inf
Idiopathic thrombocytopenic purpura,health_adjusted,PB Dose 1 Day 28+,2,0,0,-18.18676679,24178.01939,-7.52E-04,0.999399829,1.26E-08,0,Inf
Idiopathic thrombocytopenic purpura,health_adjusted,AZ Dose 1 Day 00-28,32,2,6.2,-1.166650825,1.235589905,-0.944205534,0.345064628,0.311408157,0.027643559,3.508051963
Idiopathic thrombocytopenic purpura,health_adjusted,PB Dose 1 Day 00-28,27,1,3.7,-1.575711634,1.199757027,-1.313358954,0.189062022,0.206860292,0.019698906,2.172261799
Idiopathic thrombocytopenic purpura,fully_adjusted,AZ Dose 1 Day 00-06,17,1,5.9,-0.413562077,1.692981928,-0.244280267,0.807013766,0.661290482,0.023950989,18.25833209
Idiopathic thrombocytopenic purpura,fully_adjusted,AZ Dose 1 Day 07-13,7,1,14.3,0.57976991,1.862629971,0.311264137,0.755599829,1.785627528,0.046378571,68.74868221
Idiopathic thrombocytopenic purpura,fully_adjusted,AZ Dose 1 Day 14-20,5,0,0,-18.12699015,21649.44914,-8.37E-04,0.999331935,1.34E-08,0,Inf
Idiopathic thrombocytopenic purpura,fully_adjusted,AZ Dose 1 Day 21-27,3,0,0,-20.88623019,11435.35148,-0.001826462,0.998542695,8.50E-10,0,Inf
Idiopathic thrombocytopenic purpura,fully_adjusted,AZ Dose 1 Day 28+,39,7,17.9,25.77929289,61440.7086,4.20E-04,0.999665224,1.56966E+11,0,Inf
Idiopathic thrombocytopenic purpura,fully_adjusted,PB Dose 1 Day 00-06,18,1,5.6,-1.342603633,1.369442513,-0.980401602,0.326887919,0.261164805,0.017833766,3.824601852
Idiopathic thrombocytopenic purpura,fully_adjusted,PB Dose 1 Day 07-13,3,0,0,-17.5856383,17976.08255,-9.78E-04,0.999219446,2.30E-08,0,Inf
Idiopathic thrombocytopenic purpura,fully_adjusted,PB Dose 1 Day 14-20,3,0,0,-17.68051619,18630.31099,-9.49E-04,0.999242793,2.10E-08,0,Inf
Idiopathic thrombocytopenic purpura,fully_adjusted,PB Dose 1 Day 21-27,3,0,0,-18.21350594,19635.51291,-9.28E-04,0.999259898,1.23E-08,0,Inf
Idiopathic thrombocytopenic purpura,fully_adjusted,PB Dose 1 Day 28+,2,0,0,-19.62126939,61495.36122,-3.19E-04,0.99974542,3.01E-09,0,Inf
Idiopathic thrombocytopenic purpura,fully_adjusted,AZ Dose 1 Day 00-28,32,2,6.2,-1.736507389,1.30115306,-1.334591174,0.182010188,0.176134497,0.013749944,2.256253617
Idiopathic thrombocytopenic purpura,fully_adjusted,PB Dose 1 Day 00-28,27,1,3.7,-1.447681613,1.299829301,-1.113747484,0.265387532,0.235114744,0.018401921,3.003976775
Thrombocytopenia (excluding ITP),reference,UV,327,30,9.2,NA,NA,NA,NA,NA,NA,NA
Thrombocytopenia (excluding ITP),unadjusted,AZ Dose 1 Day 00-06,19,1,5.3,-0.943930821,1.324361144,-0.712744273,0.476004015,0.389095361,0.029024036,5.216200817
Thrombocytopenia (excluding ITP),unadjusted,AZ Dose 1 Day 07-13,15,1,6.7,-0.380469637,1.212433647,-0.313806564,0.753667958,0.683540318,0.063494885,7.358503954
Thrombocytopenia (excluding ITP),unadjusted,AZ Dose 1 Day 14-20,16,2,12.5,0.706232117,1.058776857,0.667026401,0.50475527,2.026341838,0.254378391,16.14154891
Thrombocytopenia (excluding ITP),unadjusted,AZ Dose 1 Day 21-27,16,3,18.8,21.79361821,13368.26416,0.00163025,0.998699249,2916406988,0,Inf
Thrombocytopenia (excluding ITP),unadjusted,AZ Dose 1 Day 28+,8,1,12.5,1.544350238,1.265866245,1.219994801,0.222466846,4.684926552,0.391918248,56.00284474
Thrombocytopenia (excluding ITP),unadjusted,PB Dose 1 Day 00-06,10,1,10,0.146261031,1.305477449,0.112036429,0.910794522,1.157498292,0.08959751,14.9535662
Thrombocytopenia (excluding ITP),unadjusted,PB Dose 1 Day 07-13,6,0,0,-18.17793409,11453.69639,-0.00158708,0.998733694,1.27E-08,0,Inf
Thrombocytopenia (excluding ITP),unadjusted,PB Dose 1 Day 14-20,3,0,0,-18.4198314,15888.24449,-0.001159337,0.999074983,1.00E-08,0,Inf
Thrombocytopenia (excluding ITP),unadjusted,PB Dose 1 Day 21-27,NA,NA,NA,NA,0,NA,NA,NA,NA,NA
Thrombocytopenia (excluding ITP),unadjusted,PB Dose 1 Day 28+,5,0,0,-18.20922626,13853.61607,-0.001314402,0.998951259,1.24E-08,0,Inf
Thrombocytopenia (excluding ITP),unadjusted,AZ Dose 1 Day 00-28,66,7,10.6,0.460664373,0.750369538,0.613916677,0.539270389,1.585126751,0.364206998,6.898897684
Thrombocytopenia (excluding ITP),unadjusted,PB Dose 1 Day 00-28,19,1,5.3,-0.650732963,1.147049898,-0.567310074,0.570503534,0.521663277,0.055083258,4.940386296
Thrombocytopenia (excluding ITP),health_adjusted,AZ Dose 1 Day 00-06,19,1,5.3,-1.205454846,1.285044783,-0.938064464,0.348211283,0.299555717,0.0241349,3.71800282
Thrombocytopenia (excluding ITP),health_adjusted,AZ Dose 1 Day 07-13,15,1,6.7,-0.666600533,1.198242343,-0.556315287,0.577995338,0.513451074,0.049040325,5.375820983
Thrombocytopenia (excluding ITP),health_adjusted,AZ Dose 1 Day 14-20,16,2,12.5,0.012668157,1.146540187,0.01104903,0.991184329,1.012748738,0.107044642,9.581609936
Thrombocytopenia (excluding ITP),health_adjusted,AZ Dose 1 Day 21-27,16,3,18.8,21.2154032,15878.99398,0.001336067,0.998933973,1635808807,0,Inf
Thrombocytopenia (excluding ITP),health_adjusted,AZ Dose 1 Day 28+,8,1,12.5,0.138150868,1.343652636,0.102817398,0.918107897,1.148148756,0.082466766,15.98517359
Thrombocytopenia (excluding ITP),health_adjusted,PB Dose 1 Day 00-06,10,1,10,0.101163065,1.273908073,0.079411589,0.936705251,1.106457051,0.091113356,13.43652852
Thrombocytopenia (excluding ITP),health_adjusted,PB Dose 1 Day 07-13,6,0,0,-18.42956371,12690.91302,-0.001452186,0.998841324,9.91E-09,0,Inf
Thrombocytopenia (excluding ITP),health_adjusted,PB Dose 1 Day 14-20,3,0,0,-18.27018736,18623.76956,-9.81E-04,0.999217264,1.16E-08,0,Inf
Thrombocytopenia (excluding ITP),health_adjusted,PB Dose 1 Day 21-27,NA,NA,NA,NA,0,NA,NA,NA,NA,NA
Thrombocytopenia (excluding ITP),health_adjusted,PB Dose 1 Day 28+,5,0,0,-18.76490999,16393.8712,-0.00114463,0.999086718,7.09E-09,0,Inf
Thrombocytopenia (excluding ITP),health_adjusted,AZ Dose 1 Day 00-28,66,7,10.6,-0.088681009,0.747498519,-0.118637037,0.905562921,0.915137447,0.211453284,3.960574797
Thrombocytopenia (excluding ITP),health_adjusted,PB Dose 1 Day 00-28,19,1,5.3,-0.613918558,1.156051506,-0.531047756,0.595385686,0.541225883,0.056149479,5.21688645
Thrombocytopenia (excluding ITP),fully_adjusted,AZ Dose 1 Day 00-06,19,1,5.3,-1.059620807,1.3024509,-0.813559119,0.415897566,0.346587209,0.026987603,4.451032309
Thrombocytopenia (excluding ITP),fully_adjusted,AZ Dose 1 Day 07-13,15,1,6.7,-0.698180467,1.216395708,-0.573974787,0.565984863,0.49748968,0.045854944,5.397367376
Thrombocytopenia (excluding ITP),fully_adjusted,AZ Dose 1 Day 14-20,16,2,12.5,-0.208733986,1.184771603,-0.176180781,0.860151919,0.811611106,0.079591844,8.276131804
Thrombocytopenia (excluding ITP),fully_adjusted,AZ Dose 1 Day 21-27,16,3,18.8,21.14044691,14005.80692,0.001509406,0.998795669,1517677291,0,Inf
Thrombocytopenia (excluding ITP),fully_adjusted,AZ Dose 1 Day 28+,8,1,12.5,-0.012995448,1.398582633,-0.00929187,0.992586267,0.987088628,0.063662026,15.30494751
Thrombocytopenia (excluding ITP),fully_adjusted,PB Dose 1 Day 00-06,10,1,10,0.448761963,1.256156861,0.35724994,0.720904702,1.566371759,0.13355255,18.37119904
Thrombocytopenia (excluding ITP),fully_adjusted,PB Dose 1 Day 07-13,6,0,0,-18.43470663,13756.1842,-0.001340103,0.998930753,9.86E-09,0,Inf
Thrombocytopenia (excluding ITP),fully_adjusted,PB Dose 1 Day 14-20,3,0,0,-18.33319503,24591.06072,-7.46E-04,0.999405159,1.09E-08,0,Inf
Thrombocytopenia (excluding ITP),fully_adjusted,PB Dose 1 Day 21-27,NA,NA,NA,NA,0,NA,NA,NA,NA,NA
Thrombocytopenia (excluding ITP),fully_adjusted,PB Dose 1 Day 28+,5,0,0,-19.23730685,18179.93539,-0.001058161,0.999155709,4.42E-09,0,Inf
Thrombocytopenia (excluding ITP),fully_adjusted,AZ Dose 1 Day 00-28,66,7,10.6,-0.115644123,0.768535228,-0.150473419,0.880391121,0.890792179,0.197514063,4.017489656
Thrombocytopenia (excluding ITP),fully_adjusted,PB Dose 1 Day 00-28,19,1,5.3,-0.302102592,1.133757775,-0.266461319,0.789883946,0.739262219,0.080120222,6.82110727
CSVT,counts_only,UV,142,11,7.7,NA,NA,NA,NA,NA,NA,NA
CSVT,counts_only,AZ Dose 1 Day 00-06,2,0,0,NA,NA,NA,NA,NA,NA,NA
CSVT,counts_only,AZ Dose 1 Day 07-13,1,1,100,NA,NA,NA,NA,NA,NA,NA
CSVT,counts_only,PB Dose 1 Day 00-06,2,0,0,NA,NA,NA,NA,NA,NA,NA
CSVT,counts_only,PB Dose 1 Day 07-13,1,0,0,NA,NA,NA,NA,NA,NA,NA
CSVT,counts_only,PB Dose 1 Day 14-20,2,1,50,NA,NA,NA,NA,NA,NA,NA
CSVT,counts_only,PB Dose 1 Day 21-27,1,0,0,NA,NA,NA,NA,NA,NA,NA
CSVT,counts_only,AZ Dose 1 Day 00-28,3,1,33.3,NA,NA,NA,NA,NA,NA,NA
CSVT,counts_only,PB Dose 1 Day 00-28,6,1,16.7,NA,NA,NA,NA,NA,NA,NA
